{
  "outpost": {
    "x": 266.197845,
    "y": 21.0388584,
    "z": -1443.88586,
    "ry": 0.0,
    "name": "outpost"
  },
  "fishing": {
    "x": 2118.24121,
    "y": 2.00775123,
    "z": -1458.56543,
    "ry": 0.0,
    "name": ""
  },
  "barn": {
    "x": 652.087036,
    "y": 13.3962421,
    "z": 117.859276,
    "ry": 0.0,
    "name": ""
  },
  "bandit": {
    "x": 258.608337,
    "y": 16.2570419,
    "z": 25.0772686,
    "ry": 251.070557,
    "name": ""
  }
}